Timestamp, Temperatura, Humedad, Voltaje, Corriente
2024-05-24 23:44:59.805184,28.45,32.99,5.02,16.71
2024-05-24 23:44:59.810227,26.58,67.93,4.96,15.21
2024-05-24 23:44:59.815236,20.62,60.93,5.03,18.98
2024-05-24 23:44:59.820243,27.67,65.19,4.99,19.12
2024-05-24 23:44:59.825250,20.29,39.49,4.97,17.09
2024-05-24 23:44:59.830258,25.45,38.70,5.01,19.74
2024-05-24 23:44:59.835265,20.02,66.65,5.03,16.80
2024-05-24 23:44:59.840273,22.23,42.89,5.04,20.00
2024-05-24 23:44:59.845280,27.41,53.21,5.04,19.37
2024-05-24 23:44:59.850287,22.98,53.65,4.97,15.12
2024-05-24 23:44:59.855294,24.79,48.71,5.05,19.92
2024-05-24 23:44:59.860301,23.14,38.18,4.98,15.34
2024-05-24 23:44:59.865308,27.42,61.96,4.98,19.53
2024-05-24 23:44:59.870315,25.24,52.43,5.01,19.32
2024-05-24 23:44:59.875321,20.77,43.96,5.00,15.26
2024-05-24 23:44:59.880328,22.73,51.27,5.05,15.87
2024-05-24 23:44:59.885336,27.91,67.48,4.97,18.62
2024-05-24 23:44:59.890343,22.95,32.09,5.01,16.01
2024-05-24 23:44:59.895351,24.52,42.99,4.99,15.71
2024-05-24 23:44:59.900357,27.33,63.41,5.01,15.84
2024-05-24 23:44:59.905365,26.49,50.94,4.95,18.75
2024-05-24 23:44:59.910372,23.16,34.16,5.05,16.94
2024-05-24 23:44:59.915379,20.64,51.47,4.96,17.99
2024-05-24 23:44:59.920386,26.83,32.38,4.96,19.96
2024-05-24 23:44:59.925392,26.06,37.08,5.03,18.23
2024-05-24 23:44:59.930416,28.92,45.89,5.04,18.79
2024-05-24 23:44:59.935427,25.39,36.34,5.02,15.86
2024-05-24 23:44:59.940439,20.93,32.61,5.04,18.49
2024-05-24 23:44:59.945451,29.00,31.21,5.01,17.03
2024-05-24 23:44:59.950463,26.30,55.90,4.96,15.06
2024-05-24 23:44:59.955479,27.80,53.76,5.01,18.53
2024-05-24 23:44:59.960486,21.53,56.00,5.01,15.71
2024-05-24 23:44:59.965493,26.39,63.89,4.97,19.73
2024-05-24 23:44:59.970500,27.23,40.33,4.98,17.00
2024-05-24 23:44:59.975507,28.45,63.21,5.00,18.82
2024-05-24 23:44:59.980514,25.56,40.08,5.04,15.09
2024-05-24 23:44:59.985521,20.65,61.74,5.05,17.28
2024-05-24 23:44:59.990528,23.17,66.41,4.98,19.16
2024-05-24 23:44:59.995535,25.62,30.67,5.00,16.84
2024-05-24 23:45:00.000542,25.27,35.77,5.00,19.07
2024-05-24 23:45:00.005549,28.06,44.62,5.03,19.95
2024-05-24 23:45:00.010556,25.61,37.65,5.02,16.82
2024-05-24 23:45:00.015563,23.30,65.62,4.99,18.24
2024-05-24 23:45:00.020570,27.89,53.04,5.01,18.55
2024-05-24 23:45:00.025577,22.92,30.78,4.97,16.44
2024-05-24 23:45:00.030584,25.36,63.07,5.04,16.84
2024-05-24 23:45:00.035591,20.97,47.80,5.05,15.12
2024-05-24 23:45:00.040597,20.88,39.40,4.97,17.39
2024-05-24 23:45:00.045604,22.90,30.64,5.03,16.28
2024-05-24 23:45:00.050611,23.20,45.41,5.05,19.54
2024-05-24 23:45:00.055618,29.27,48.02,4.97,17.80
2024-05-24 23:45:00.060625,29.17,45.89,4.95,18.93
2024-05-24 23:45:00.065631,29.59,37.12,5.00,15.29
2024-05-24 23:45:00.070638,21.79,68.11,5.01,18.80
2024-05-24 23:45:00.075645,27.86,46.27,4.95,19.67
2024-05-24 23:45:00.080652,24.13,60.79,5.05,18.17
2024-05-24 23:45:00.085659,20.76,34.13,4.95,18.36
2024-05-24 23:45:00.090665,29.49,52.52,4.97,15.93
2024-05-24 23:45:00.095672,29.43,41.07,5.03,17.26
2024-05-24 23:45:00.100679,26.62,34.06,5.05,15.98
2024-05-24 23:45:00.105686,24.37,42.91,4.99,19.71
2024-05-24 23:45:00.110692,26.45,68.33,4.95,17.28
2024-05-24 23:45:00.115699,28.73,58.91,4.96,17.05
2024-05-24 23:45:00.120706,26.20,41.78,4.97,17.73
2024-05-24 23:45:00.125713,25.55,52.58,5.04,16.96
2024-05-24 23:45:00.130720,21.99,47.90,5.01,16.38
2024-05-24 23:45:00.135727,26.34,65.49,4.97,18.65
2024-05-24 23:45:00.140734,21.43,63.01,5.04,19.67
2024-05-24 23:45:00.145741,20.57,60.29,5.05,17.34
2024-05-24 23:45:00.150748,24.11,65.68,5.05,18.89
2024-05-24 23:45:00.155755,28.09,35.73,4.97,18.58
2024-05-24 23:45:00.160762,21.08,30.75,5.04,16.78
2024-05-24 23:45:00.165769,21.43,49.30,5.04,17.29
2024-05-24 23:45:00.170777,26.46,49.89,5.04,15.98
2024-05-24 23:45:00.175788,28.89,47.21,4.98,16.28
2024-05-24 23:45:00.180799,24.30,58.22,4.97,17.90
2024-05-24 23:45:00.185811,27.55,36.82,4.97,17.96
2024-05-24 23:45:00.190822,22.85,57.74,4.97,16.91
2024-05-24 23:45:00.195834,20.83,54.78,4.96,17.96
2024-05-24 23:45:00.200846,23.88,59.39,5.00,16.05
2024-05-24 23:45:00.205887,24.06,32.40,5.02,18.22
2024-05-24 23:45:00.210902,22.76,46.07,4.95,16.30
2024-05-24 23:45:00.215915,22.82,63.82,5.01,15.78
2024-05-24 23:45:00.220928,26.74,41.95,5.03,18.64
2024-05-24 23:45:00.225941,20.94,52.56,5.05,16.19
2024-05-24 23:45:00.230954,28.01,41.68,5.02,15.07
2024-05-24 23:45:00.235967,25.16,64.31,5.00,17.95
2024-05-24 23:45:00.240980,24.38,38.25,4.96,16.79
2024-05-24 23:45:00.245993,24.76,30.10,5.03,15.35
2024-05-24 23:45:00.251005,24.72,60.62,5.01,16.22
2024-05-24 23:45:00.256018,24.27,59.01,4.95,17.56
2024-05-24 23:45:00.261031,22.90,42.31,5.04,15.85
2024-05-24 23:45:00.266044,21.18,40.67,5.04,18.62
2024-05-24 23:45:00.271057,20.36,50.13,5.05,17.53
2024-05-24 23:45:00.276070,24.35,32.88,5.01,16.67
2024-05-24 23:45:00.281081,26.60,43.27,4.97,15.12
2024-05-24 23:45:00.286091,26.68,35.39,5.01,19.45
2024-05-24 23:45:00.291102,20.62,33.64,5.02,18.08
2024-05-24 23:45:00.296113,26.18,62.81,4.97,18.99
2024-05-24 23:45:00.301124,24.42,55.54,5.00,16.29
2024-05-24 23:45:00.306134,22.21,56.48,5.02,17.66
2024-05-24 23:45:00.311145,22.33,40.60,4.97,18.28
2024-05-24 23:45:00.316165,20.39,66.95,5.00,18.95
2024-05-24 23:45:00.321183,28.21,63.13,4.97,19.00
2024-05-24 23:45:00.326197,29.14,64.30,4.98,15.25
2024-05-24 23:45:00.331210,24.13,64.45,5.04,16.60
2024-05-24 23:45:00.336223,25.46,55.92,4.96,19.97
2024-05-24 23:45:00.341236,23.99,37.43,5.04,18.00
2024-05-24 23:45:00.346249,23.13,49.33,5.01,17.59
2024-05-24 23:45:00.351262,20.93,40.93,4.95,17.03
2024-05-24 23:45:00.356275,26.79,38.29,4.98,15.31
2024-05-24 23:45:00.361287,25.54,69.38,5.05,15.11
2024-05-24 23:45:00.366300,21.41,67.69,4.95,19.15
2024-05-24 23:45:00.371312,23.45,37.27,5.04,18.07
2024-05-24 23:45:00.376325,25.50,37.24,4.96,16.75
2024-05-24 23:45:00.381340,25.53,31.68,4.99,18.34
2024-05-24 23:45:00.386352,29.39,54.12,5.01,17.34
2024-05-24 23:45:00.391365,21.35,44.87,5.01,16.13
2024-05-24 23:45:00.396375,23.60,63.79,5.01,17.18
2024-05-24 23:45:00.401386,23.70,43.57,5.03,15.12
2024-05-24 23:45:00.406398,22.72,57.25,4.98,15.23
2024-05-24 23:45:00.411409,20.40,63.01,5.04,16.74
2024-05-24 23:45:00.416416,27.56,63.80,5.00,17.79
2024-05-24 23:45:00.421423,21.04,52.67,4.98,18.41
2024-05-24 23:45:00.426430,23.32,41.89,5.04,17.57
2024-05-24 23:45:00.431436,29.93,47.64,4.99,19.40
2024-05-24 23:45:00.436443,21.21,50.15,4.97,15.61
2024-05-24 23:45:00.441450,29.24,63.60,4.95,15.50
2024-05-24 23:45:00.446457,25.29,60.45,4.99,16.84
2024-05-24 23:45:00.451464,22.00,58.62,4.99,19.71
2024-05-24 23:45:00.456471,22.75,50.37,4.97,17.89
2024-05-24 23:45:00.461478,27.62,34.26,5.05,15.08
2024-05-24 23:45:00.466485,22.09,56.23,5.04,19.48
2024-05-24 23:45:00.471491,21.65,30.64,4.95,16.64
2024-05-24 23:45:00.476498,27.67,50.92,5.01,18.92
2024-05-24 23:45:00.481505,24.25,42.89,5.02,17.23
2024-05-24 23:45:00.486512,29.90,50.55,5.05,17.75
2024-05-24 23:45:00.491524,21.98,58.23,4.96,19.87
2024-05-24 23:45:00.496536,27.49,40.78,5.03,18.11
2024-05-24 23:45:00.501548,23.07,46.21,4.97,17.33
2024-05-24 23:45:00.506559,23.81,45.55,5.03,15.16
2024-05-24 23:45:00.511576,27.24,50.08,4.97,18.97
2024-05-24 23:45:00.516583,21.29,49.71,5.00,15.16
2024-05-24 23:45:00.521590,21.92,53.96,5.00,17.39
2024-05-24 23:45:00.526596,21.97,32.37,5.01,18.11
2024-05-24 23:45:00.531603,27.15,34.09,5.04,18.11
2024-05-24 23:45:00.536610,29.54,63.20,4.96,17.32
2024-05-24 23:45:00.541617,29.94,49.82,5.00,16.31
2024-05-24 23:45:00.546623,28.86,62.24,5.04,16.43
2024-05-24 23:45:00.551630,26.18,60.42,5.00,17.67
2024-05-24 23:45:00.556637,27.60,68.78,5.01,16.03
2024-05-24 23:45:00.561644,20.15,50.04,4.98,18.92
2024-05-24 23:45:00.566650,29.62,46.12,5.02,16.86
2024-05-24 23:45:00.571657,28.05,66.96,4.95,16.90
2024-05-24 23:45:00.576664,25.08,53.37,4.97,16.05
2024-05-24 23:45:00.581671,26.00,43.07,4.99,19.04
2024-05-24 23:45:00.586678,24.48,55.67,5.03,17.09
2024-05-24 23:45:00.591684,28.43,45.52,5.05,17.02
2024-05-24 23:45:00.596691,20.79,56.66,5.01,19.03
2024-05-24 23:45:00.601698,20.54,47.64,5.03,17.13
2024-05-24 23:45:00.606705,27.51,40.07,4.99,16.17
2024-05-24 23:45:00.611711,22.19,50.95,5.05,18.55
2024-05-24 23:45:00.616718,28.09,63.51,5.04,17.44
2024-05-24 23:45:00.621725,20.23,35.35,4.97,18.89
2024-05-24 23:45:00.626732,26.01,38.63,4.97,19.39
2024-05-24 23:45:00.631738,21.90,47.67,4.99,19.11
2024-05-24 23:45:00.636745,25.73,34.39,5.05,16.43
2024-05-24 23:45:00.641752,28.19,31.72,4.98,16.91
2024-05-24 23:45:00.646759,20.08,57.04,5.05,18.70
2024-05-24 23:45:00.651765,25.87,37.76,4.99,15.82
2024-05-24 23:45:00.656772,28.89,45.78,5.02,18.84
2024-05-24 23:45:00.661779,21.17,57.19,4.95,18.29
2024-05-24 23:45:00.666786,21.54,32.01,4.95,17.08
2024-05-24 23:45:00.671793,25.59,65.82,5.00,17.82
2024-05-24 23:45:00.676801,22.03,48.87,5.01,18.81
2024-05-24 23:45:00.681831,21.58,47.23,5.04,17.67
2024-05-24 23:45:00.686842,22.22,50.48,4.98,16.69
2024-05-24 23:45:00.691849,25.61,54.83,4.99,17.67
2024-05-24 23:45:00.696856,28.48,62.57,5.05,18.81
2024-05-24 23:45:00.701863,29.71,62.96,5.01,15.66
2024-05-24 23:45:00.706870,20.93,43.97,4.96,18.89
2024-05-24 23:45:00.711877,29.54,69.50,5.02,16.59
2024-05-24 23:45:00.716884,23.37,55.10,5.04,15.50
2024-05-24 23:45:00.721891,20.03,44.48,4.96,19.10
2024-05-24 23:45:00.726897,20.99,30.03,5.00,19.49
2024-05-24 23:45:00.731904,28.75,44.00,4.96,15.02
2024-05-24 23:45:00.736911,23.94,66.12,5.03,15.14
2024-05-24 23:45:00.741918,25.82,42.26,5.03,19.40
2024-05-24 23:45:00.746925,24.28,66.45,5.03,16.45
2024-05-24 23:45:00.751932,28.91,47.00,5.01,16.40
2024-05-24 23:45:00.756939,27.72,42.89,4.98,17.69
2024-05-24 23:45:00.761946,23.58,39.93,5.03,19.89
2024-05-24 23:45:00.766952,24.73,40.16,4.96,16.48
2024-05-24 23:45:00.771959,28.94,32.93,5.01,19.19
2024-05-24 23:45:00.776966,29.15,67.61,5.01,17.12
2024-05-24 23:45:00.781973,29.58,48.61,5.02,16.77
2024-05-24 23:45:00.786980,26.14,39.76,5.05,15.32
2024-05-24 23:45:00.791986,25.63,62.51,4.99,19.49
2024-05-24 23:45:00.796993,27.07,37.76,5.02,16.76
2024-05-24 23:45:00.802000,20.35,47.50,5.00,17.71
2024-05-24 23:45:00.807007,22.33,47.88,4.96,18.67
2024-05-24 23:45:00.812014,26.19,42.89,5.03,19.20
2024-05-24 23:45:00.817021,23.33,41.56,5.02,17.17
2024-05-24 23:45:00.822028,28.80,47.58,4.97,15.21
2024-05-24 23:45:00.827035,29.56,62.43,5.04,16.53
2024-05-24 23:45:00.832042,26.24,47.34,5.05,17.99
2024-05-24 23:45:00.837049,23.73,52.80,5.00,16.22
2024-05-24 23:45:00.842056,29.65,62.72,5.02,17.10
2024-05-24 23:45:00.847063,28.10,36.82,4.99,17.77
2024-05-24 23:45:00.852070,22.30,39.66,5.04,18.07
2024-05-24 23:45:00.857077,25.62,46.72,4.95,16.83
2024-05-24 23:45:00.862084,28.00,47.79,5.02,18.59
2024-05-24 23:45:00.867091,28.81,45.29,5.04,18.39
2024-05-24 23:45:00.872098,23.89,41.22,5.05,15.24
2024-05-24 23:45:00.877105,29.19,51.65,4.95,19.95
2024-05-24 23:45:00.882112,26.61,62.23,5.00,19.60
2024-05-24 23:45:00.887118,25.00,54.09,5.01,19.02
2024-05-24 23:45:00.892125,26.78,42.31,4.99,15.34
2024-05-24 23:45:00.897132,22.81,45.24,5.00,19.28
2024-05-24 23:45:00.902139,20.38,55.89,5.02,16.54
2024-05-24 23:45:00.907146,20.50,68.82,4.99,19.91
2024-05-24 23:45:00.912153,21.92,47.91,5.05,15.48
2024-05-24 23:45:00.917160,23.74,35.59,5.03,16.64
2024-05-24 23:45:00.922167,21.53,60.92,4.97,18.04
2024-05-24 23:45:00.927174,29.87,33.70,5.05,17.20
2024-05-24 23:45:00.932181,24.38,40.69,4.97,17.83
2024-05-24 23:45:00.937188,23.24,44.89,5.03,17.28
2024-05-24 23:45:00.942194,29.34,57.20,5.04,15.36
2024-05-24 23:45:00.947201,28.98,68.80,5.01,19.02
2024-05-24 23:45:00.952208,27.12,64.53,5.02,18.01
2024-05-24 23:45:00.957215,24.65,59.80,4.95,17.95
2024-05-24 23:45:00.962222,22.21,36.20,5.03,18.25
2024-05-24 23:45:00.967229,24.87,38.58,5.01,15.11
2024-05-24 23:45:00.972236,22.43,36.10,4.95,19.19
2024-05-24 23:45:00.977243,29.97,66.32,4.95,17.84
2024-05-24 23:45:00.982249,21.05,68.69,4.99,15.00
2024-05-24 23:45:00.987256,21.89,63.01,4.99,15.42
2024-05-24 23:45:00.992263,22.30,50.88,5.03,19.02
2024-05-24 23:45:00.997270,23.08,37.86,5.00,16.93
2024-05-24 23:45:01.002277,24.65,61.63,4.97,17.73
2024-05-24 23:45:01.007284,21.88,54.53,5.04,15.28
2024-05-24 23:45:01.012291,29.53,69.31,5.05,19.81
2024-05-24 23:45:01.017298,23.54,34.71,5.00,16.15
2024-05-24 23:45:01.022305,29.27,54.83,5.02,17.27
2024-05-24 23:45:01.027312,22.76,33.43,4.99,15.13
2024-05-24 23:45:01.032319,26.71,69.66,5.00,19.28
2024-05-24 23:45:01.037326,24.68,61.55,4.99,15.81
2024-05-24 23:45:01.042333,28.45,45.50,5.02,18.33
2024-05-24 23:45:01.047339,23.87,41.62,5.04,19.08
2024-05-24 23:45:01.052346,23.23,60.77,5.03,19.20
2024-05-24 23:45:01.057353,26.02,30.91,5.02,19.07
2024-05-24 23:45:01.062360,28.86,59.66,5.01,17.38
2024-05-24 23:45:01.067367,22.69,45.08,5.01,19.40
2024-05-24 23:45:01.072375,21.05,52.18,4.95,18.84
2024-05-24 23:45:01.077381,29.05,34.00,5.00,15.19
2024-05-24 23:45:01.082388,20.32,65.35,4.99,18.81
2024-05-24 23:45:01.087395,24.87,36.48,4.97,19.53
2024-05-24 23:45:01.092402,28.43,63.13,5.04,15.22
2024-05-24 23:45:01.097409,25.67,39.66,5.05,15.85
2024-05-24 23:45:01.102416,23.89,36.32,5.04,16.04
2024-05-24 23:45:01.107423,26.39,35.66,5.01,19.09
2024-05-24 23:45:01.112430,29.51,35.94,4.99,17.13
2024-05-24 23:45:01.117436,26.13,68.28,5.05,18.49
2024-05-24 23:45:01.122443,24.27,64.52,5.04,16.99
2024-05-24 23:45:01.127450,25.47,67.93,4.96,19.78
2024-05-24 23:45:01.132457,21.42,38.78,5.05,18.48
2024-05-24 23:45:01.137464,29.39,48.98,5.04,15.15
2024-05-24 23:45:01.142471,26.03,65.21,4.99,17.08
2024-05-24 23:45:01.147478,27.23,67.29,4.99,16.81
2024-05-24 23:45:01.152485,29.07,63.56,5.01,15.95
2024-05-24 23:45:01.157492,26.05,51.82,4.99,17.64
2024-05-24 23:45:01.162498,22.72,59.20,5.02,16.02
2024-05-24 23:45:01.167505,23.09,62.81,5.02,15.52
2024-05-24 23:45:01.172512,26.35,65.29,5.03,16.79
2024-05-24 23:45:01.177519,24.97,65.14,5.04,15.12
2024-05-24 23:45:01.182526,25.64,53.47,4.97,18.79
2024-05-24 23:45:01.187533,27.56,39.59,4.97,15.10
2024-05-24 23:45:01.192540,27.79,42.42,5.04,15.84
2024-05-24 23:45:01.197547,23.57,38.05,4.98,15.73
2024-05-24 23:45:01.202554,24.62,46.90,4.99,18.44
2024-05-24 23:45:01.207561,20.19,50.90,5.02,16.12
2024-05-24 23:45:01.212567,24.49,51.75,5.01,19.07
2024-05-24 23:45:01.217574,22.84,61.14,5.01,19.60
2024-05-24 23:45:01.222581,29.49,67.29,5.01,18.81
2024-05-24 23:45:01.227588,20.50,67.95,5.00,17.81
2024-05-24 23:45:01.232595,28.19,65.97,4.97,17.54
2024-05-24 23:45:01.237602,25.84,40.33,5.01,19.85
2024-05-24 23:45:01.242609,28.80,30.03,5.02,19.47
2024-05-24 23:45:01.247616,20.13,43.86,5.05,16.48
2024-05-24 23:45:01.252622,28.36,46.52,5.01,18.09
2024-05-24 23:45:01.257629,28.83,30.23,4.95,19.21
2024-05-24 23:45:01.262636,25.99,42.92,5.04,19.22
2024-05-24 23:45:01.267643,27.49,41.62,5.03,18.80
2024-05-24 23:45:01.272650,20.64,46.58,5.01,18.84
2024-05-24 23:45:01.277657,25.13,47.23,5.04,19.99
2024-05-24 23:45:01.282666,29.00,51.57,4.99,16.75
2024-05-24 23:45:01.287673,29.22,69.18,5.04,17.36
2024-05-24 23:45:01.292680,25.75,64.33,5.04,19.64
2024-05-24 23:45:01.297686,26.87,34.31,4.97,19.61
2024-05-24 23:45:01.302693,24.60,33.45,5.00,18.53
2024-05-24 23:45:01.307700,27.27,55.48,4.96,16.68
2024-05-24 23:45:01.312707,28.75,60.44,4.96,17.56
2024-05-24 23:45:01.317714,26.60,50.79,5.02,17.26
2024-05-24 23:45:01.322721,22.65,37.50,4.95,15.36
2024-05-24 23:45:01.327728,28.30,57.19,4.99,18.00
2024-05-24 23:45:01.332735,25.35,32.36,5.02,17.61
2024-05-24 23:45:01.337742,21.40,33.07,4.99,15.47
2024-05-24 23:45:01.342749,26.61,56.02,5.01,19.29
2024-05-24 23:45:01.347755,20.21,32.73,5.00,17.71
2024-05-24 23:45:01.352762,22.86,54.44,4.96,17.33
2024-05-24 23:45:01.357769,26.84,68.83,4.96,18.06
2024-05-24 23:45:01.362776,21.07,47.06,4.99,19.10
2024-05-24 23:45:01.367783,26.20,54.19,5.00,15.59
2024-05-24 23:45:01.372793,29.51,66.92,5.02,15.77
2024-05-24 23:45:01.377803,25.96,36.21,4.95,15.31
2024-05-24 23:45:01.382814,28.10,34.77,5.03,19.09
2024-05-24 23:45:01.387825,23.12,57.32,4.99,16.71
2024-05-24 23:45:01.392836,26.22,30.78,5.02,17.23
2024-05-24 23:45:01.397846,24.55,51.36,5.02,17.43
2024-05-24 23:45:01.402857,27.02,51.83,4.96,19.54
2024-05-24 23:45:01.407868,23.63,51.36,4.98,16.02
2024-05-24 23:45:01.412879,25.15,36.76,4.95,17.59
2024-05-24 23:45:01.417891,29.01,66.57,4.95,15.56
2024-05-24 23:45:01.422904,22.59,55.22,5.01,15.56
2024-05-24 23:45:01.427916,29.12,69.59,4.98,19.45
2024-05-24 23:45:01.432927,29.02,62.97,5.02,16.20
2024-05-24 23:45:01.437939,21.43,32.10,5.01,19.29
2024-05-24 23:45:01.442951,28.18,40.12,4.97,18.12
2024-05-24 23:45:01.447962,29.52,59.05,4.98,17.17
2024-05-24 23:45:01.452973,29.34,42.53,5.00,18.26
2024-05-24 23:45:01.458032,20.14,34.10,4.99,17.15
2024-05-24 23:45:01.463046,22.17,31.87,5.04,19.09
2024-05-24 23:45:01.468058,26.25,60.22,5.05,18.32
2024-05-24 23:45:01.473069,25.23,65.17,4.95,15.13
2024-05-24 23:45:01.478079,21.97,51.50,4.99,15.08
2024-05-24 23:45:01.483091,28.46,65.96,5.04,15.97
2024-05-24 23:45:01.488102,25.62,52.21,5.02,17.23
2024-05-24 23:45:01.493113,22.03,59.11,4.99,19.70
2024-05-24 23:45:01.498124,21.61,64.54,5.02,17.76
2024-05-24 23:45:01.503135,23.91,45.61,4.98,15.57
2024-05-24 23:45:01.508148,25.61,50.42,4.99,17.23
2024-05-24 23:45:01.513159,26.38,30.08,4.95,17.64
2024-05-24 23:45:01.518171,21.86,32.83,5.01,15.07
2024-05-24 23:45:01.523182,29.62,44.97,5.05,19.31
2024-05-24 23:45:01.528194,28.84,41.80,5.05,19.62
2024-05-24 23:45:01.533205,25.72,54.82,4.96,16.64
2024-05-24 23:45:01.538217,23.81,57.28,5.03,18.56
2024-05-24 23:45:01.543228,25.08,64.32,5.02,17.38
2024-05-24 23:45:01.548243,22.50,40.07,4.96,15.05
2024-05-24 23:45:01.553255,23.36,59.93,4.99,16.80
2024-05-24 23:45:01.558267,28.28,50.56,4.96,17.90
2024-05-24 23:45:01.563279,29.25,41.87,5.01,19.74
2024-05-24 23:45:01.568291,28.05,52.15,5.04,15.43
2024-05-24 23:45:01.573299,27.10,55.37,5.03,17.24
2024-05-24 23:45:01.578305,28.75,35.46,5.03,19.05
2024-05-24 23:45:01.583312,23.90,45.62,4.95,17.79
2024-05-24 23:45:01.588319,29.32,52.87,4.96,18.68
2024-05-24 23:45:01.593326,23.48,46.85,4.95,19.29
2024-05-24 23:45:01.598333,26.34,52.95,4.95,20.00
2024-05-24 23:45:01.603340,22.80,37.23,5.03,15.40
2024-05-24 23:45:01.608347,22.22,42.26,5.01,17.52
2024-05-24 23:45:01.613353,27.95,48.25,4.95,20.00
2024-05-24 23:45:01.618360,21.79,38.82,4.97,15.75
2024-05-24 23:45:01.623367,23.50,37.62,5.04,17.82
2024-05-24 23:45:01.628374,22.58,36.73,4.96,19.98
2024-05-24 23:45:01.633381,29.14,48.23,4.97,15.33
2024-05-24 23:45:01.638387,24.06,62.50,5.05,15.33
2024-05-24 23:45:01.643394,26.01,40.24,4.95,19.07
2024-05-24 23:45:01.648401,26.46,36.35,5.05,16.96
2024-05-24 23:45:01.653408,25.50,45.10,5.00,15.10
2024-05-24 23:45:01.658414,21.34,61.76,4.98,17.23
2024-05-24 23:45:01.663421,22.22,68.58,4.97,18.87
2024-05-24 23:45:01.668428,22.00,54.12,5.02,19.89
2024-05-24 23:45:01.673435,22.64,54.68,5.05,19.40
2024-05-24 23:45:01.678442,20.70,60.15,4.98,15.75
2024-05-24 23:45:01.683448,25.83,43.27,4.95,16.58
2024-05-24 23:45:01.688455,29.85,31.65,5.01,18.26
2024-05-24 23:45:01.693462,22.43,37.66,4.95,16.00
2024-05-24 23:45:01.698469,22.53,56.66,4.99,18.46
2024-05-24 23:45:01.703476,26.45,33.37,5.03,17.53
2024-05-24 23:45:01.708483,20.17,49.37,5.04,16.33
2024-05-24 23:45:01.713490,20.18,50.34,4.96,15.94
2024-05-24 23:45:01.718496,29.94,59.27,5.04,16.57
2024-05-24 23:45:01.723503,24.38,59.46,4.95,19.32
2024-05-24 23:45:01.728510,27.76,47.79,5.02,19.01
2024-05-24 23:45:01.733517,26.82,43.77,5.01,15.70
2024-05-24 23:45:01.738523,27.05,43.64,4.99,18.10
2024-05-24 23:45:01.743530,27.81,56.48,5.01,17.56
2024-05-24 23:45:01.748537,23.91,43.51,4.96,19.42
2024-05-24 23:45:01.753544,26.63,66.90,5.05,16.72
2024-05-24 23:45:01.758550,23.42,64.27,5.02,19.85
2024-05-24 23:45:01.763557,23.27,53.38,4.99,15.63
2024-05-24 23:45:01.768565,22.73,45.32,5.00,15.28
2024-05-24 23:45:01.773572,29.22,46.35,5.05,17.90
2024-05-24 23:45:01.778578,22.01,54.62,5.00,16.84
2024-05-24 23:45:01.783585,27.78,43.66,5.04,18.17
2024-05-24 23:45:01.788592,26.27,39.42,4.95,18.13
2024-05-24 23:45:01.793599,25.80,33.82,5.01,15.96
2024-05-24 23:45:01.798605,22.19,40.59,4.99,16.46
2024-05-24 23:45:01.803612,25.16,43.13,5.01,15.28
2024-05-24 23:45:01.808619,27.54,59.29,5.00,16.13
2024-05-24 23:45:01.813626,27.26,48.18,5.00,16.23
2024-05-24 23:45:01.818633,23.52,57.61,5.00,19.45
2024-05-24 23:45:01.823639,25.92,50.73,5.05,19.75
2024-05-24 23:45:01.828646,23.08,57.87,4.96,17.61
2024-05-24 23:45:01.833653,26.39,57.17,5.00,18.51
2024-05-24 23:45:01.838660,20.74,52.77,4.97,16.27
2024-05-24 23:45:01.843667,29.43,63.21,5.00,16.52
2024-05-24 23:45:01.848673,24.25,38.03,4.96,16.65
2024-05-24 23:45:01.853680,28.24,46.91,5.04,16.11
2024-05-24 23:45:01.858687,24.81,66.61,5.03,15.56
2024-05-24 23:45:01.863694,25.57,49.91,5.00,18.39
2024-05-24 23:45:01.868700,27.47,34.58,4.96,17.49
2024-05-24 23:45:01.873707,29.10,43.60,5.01,15.55
2024-05-24 23:45:01.878714,29.78,61.96,5.05,15.39
2024-05-24 23:45:01.883721,20.31,31.43,5.03,16.07
2024-05-24 23:45:01.888727,20.71,40.35,4.95,15.93
2024-05-24 23:45:01.893734,28.87,63.40,4.96,19.80
2024-05-24 23:45:01.898741,23.72,30.52,5.04,15.36
2024-05-24 23:45:01.903748,25.84,67.44,5.04,15.73
2024-05-24 23:45:01.908754,21.60,51.80,5.02,17.30
2024-05-24 23:45:01.913761,26.91,49.73,4.97,16.29
2024-05-24 23:45:01.918768,22.09,57.59,4.95,18.42
2024-05-24 23:45:01.923775,23.16,41.45,5.03,16.05
2024-05-24 23:45:01.928782,26.67,49.26,4.96,17.70
2024-05-24 23:45:01.933788,26.01,31.37,5.01,17.63
2024-05-24 23:45:01.938795,21.01,42.98,5.01,16.49
2024-05-24 23:45:01.943802,20.43,30.96,5.03,15.58
2024-05-24 23:45:01.948809,21.99,36.67,5.03,15.82
2024-05-24 23:45:01.953815,23.89,41.31,5.04,17.85
2024-05-24 23:45:01.958822,27.85,61.68,4.95,18.63
2024-05-24 23:45:01.963829,21.74,44.59,5.01,15.87
2024-05-24 23:45:01.968836,21.66,55.26,4.95,19.50
2024-05-24 23:45:01.973842,22.16,66.77,5.02,15.62
2024-05-24 23:45:01.978849,29.45,64.09,4.95,18.68
2024-05-24 23:45:01.983856,26.70,55.55,5.00,18.78
2024-05-24 23:45:01.988863,21.23,68.71,5.03,16.06
2024-05-24 23:45:01.993869,22.16,55.31,4.99,16.29
2024-05-24 23:45:01.998876,28.68,66.30,4.98,17.76
2024-05-24 23:45:02.003883,29.98,68.89,5.02,18.59
2024-05-24 23:45:02.008890,26.98,48.79,5.00,19.64
2024-05-24 23:45:02.013897,20.95,59.58,5.01,18.84
2024-05-24 23:45:02.018904,20.79,48.81,5.02,19.35
2024-05-24 23:45:02.023910,25.45,63.81,4.99,17.03
2024-05-24 23:45:02.028917,26.77,40.46,4.97,19.56
2024-05-24 23:45:02.033924,20.09,53.11,4.96,19.66
2024-05-24 23:45:02.038931,21.95,62.05,5.00,16.22
2024-05-24 23:45:02.043938,22.20,51.18,5.02,19.15
2024-05-24 23:45:02.048945,27.79,48.25,5.00,18.34
2024-05-24 23:45:02.053951,27.68,46.41,5.04,15.03
2024-05-24 23:45:02.058958,20.37,55.52,5.05,19.69
2024-05-24 23:45:02.063965,27.99,54.46,5.05,18.61
2024-05-24 23:45:02.068972,22.72,62.77,5.01,17.82
2024-05-24 23:45:02.073979,25.63,62.68,4.95,15.94
2024-05-24 23:45:02.078986,28.97,44.19,4.97,18.29
2024-05-24 23:45:02.083992,20.58,62.32,4.95,18.85
2024-05-24 23:45:02.088999,28.34,31.43,5.00,15.16
2024-05-24 23:45:02.094006,24.07,60.74,5.05,19.38
2024-05-24 23:45:02.099013,28.02,53.22,5.05,17.48
2024-05-24 23:45:02.104020,29.65,52.10,5.00,18.26
2024-05-24 23:45:02.109027,29.70,62.56,4.98,19.44
2024-05-24 23:45:02.114033,23.02,64.34,5.00,19.74
2024-05-24 23:45:02.119040,27.13,59.06,5.01,16.09
2024-05-24 23:45:02.124047,29.04,52.77,5.04,16.89
2024-05-24 23:45:02.129054,25.37,32.06,4.98,15.39
2024-05-24 23:45:02.134061,26.53,31.07,5.01,17.42
2024-05-24 23:45:02.139067,24.69,40.56,5.04,18.24
2024-05-24 23:45:02.144074,23.75,57.08,5.00,19.84
2024-05-24 23:45:02.149082,27.64,50.86,4.96,19.35
2024-05-24 23:45:02.154089,23.95,56.16,5.02,18.32
2024-05-24 23:45:02.159096,28.35,66.18,5.04,19.48
2024-05-24 23:45:02.164103,20.37,31.37,5.03,15.45
2024-05-24 23:45:02.169110,26.54,64.37,4.96,19.08
2024-05-24 23:45:02.174117,21.78,58.03,4.96,16.60
2024-05-24 23:45:02.179124,24.91,42.35,5.00,17.84
2024-05-24 23:45:02.184131,25.36,65.92,4.97,19.16
2024-05-24 23:45:02.189138,29.02,43.38,5.02,17.30
2024-05-24 23:45:02.194145,20.11,50.28,5.01,19.99
2024-05-24 23:45:02.199152,27.53,44.98,4.99,19.15
2024-05-24 23:45:02.204159,28.78,64.19,4.95,16.20
2024-05-24 23:45:02.209165,20.01,36.26,4.98,17.77
2024-05-24 23:45:02.214172,25.70,37.16,5.05,19.31
2024-05-24 23:45:02.219179,21.39,48.64,4.96,16.20
2024-05-24 23:45:02.224189,21.08,51.76,5.02,15.41
2024-05-24 23:45:02.229321,23.81,49.04,5.00,17.60
2024-05-24 23:45:02.234340,24.71,64.81,5.04,18.18
2024-05-24 23:45:02.239352,20.66,32.07,4.97,17.03
2024-05-24 23:45:02.244364,22.44,49.16,5.02,16.29
2024-05-24 23:45:02.249375,23.12,52.34,4.99,18.00
2024-05-24 23:45:02.254387,28.68,67.17,5.04,17.02
2024-05-24 23:45:02.259400,26.87,35.70,4.97,16.60
2024-05-24 23:45:02.264412,29.87,65.58,4.99,16.85
2024-05-24 23:45:02.269469,26.51,50.23,4.97,19.94
2024-05-24 23:45:02.274488,22.23,67.25,5.04,15.59
2024-05-24 23:45:02.279502,29.33,32.43,4.95,18.68
2024-05-24 23:45:02.284515,27.50,57.56,5.02,17.28
2024-05-24 23:45:02.289528,29.46,42.45,5.05,17.58
2024-05-24 23:45:02.294541,26.51,47.59,5.03,17.30
2024-05-24 23:45:02.299554,25.86,64.47,5.04,15.33
2024-05-24 23:45:02.304566,27.96,41.77,5.00,15.60
2024-05-24 23:45:02.309579,20.87,31.24,4.95,17.68
2024-05-24 23:45:02.314592,26.56,54.06,4.98,17.23
2024-05-24 23:45:02.319605,24.76,63.65,5.00,18.23
2024-05-24 23:45:02.324617,21.38,40.17,5.04,19.61
2024-05-24 23:45:02.329627,26.18,40.89,5.03,19.17
2024-05-24 23:45:02.334639,28.32,36.98,4.99,19.93
2024-05-24 23:45:02.339650,24.44,68.79,4.97,16.55
2024-05-24 23:45:02.344661,21.74,34.90,4.96,17.56
2024-05-24 23:45:02.349680,22.83,31.99,5.03,17.70
2024-05-24 23:45:02.354698,20.92,39.46,5.00,17.71
2024-05-24 23:45:02.359713,22.50,48.48,5.00,15.42
2024-05-24 23:45:02.364726,20.41,54.23,5.05,19.82
2024-05-24 23:45:02.369739,27.39,44.79,5.02,17.80
2024-05-24 23:45:02.374752,24.52,61.75,4.98,17.43
2024-05-24 23:45:02.379764,26.28,34.79,4.98,17.16
2024-05-24 23:45:02.384777,23.63,39.22,5.05,19.67
2024-05-24 23:45:02.389790,24.72,47.91,5.03,18.28
2024-05-24 23:45:02.394803,27.51,39.20,4.95,15.54
2024-05-24 23:45:02.399816,24.60,43.80,4.96,16.92
2024-05-24 23:45:02.404828,22.13,52.70,5.04,16.15
2024-05-24 23:45:02.409841,27.06,39.57,5.01,17.21
2024-05-24 23:45:02.414854,25.65,47.94,4.98,19.18
2024-05-24 23:45:02.419867,26.16,49.81,4.96,15.45
2024-05-24 23:45:02.424887,28.40,33.19,5.04,16.51
2024-05-24 23:45:02.429896,26.58,45.56,5.04,16.09
2024-05-24 23:45:02.434903,23.96,59.98,5.04,19.15
2024-05-24 23:45:02.439910,28.59,67.80,5.00,15.03
2024-05-24 23:45:02.444917,26.79,45.85,4.96,19.37
2024-05-24 23:45:02.449924,21.96,42.78,5.02,19.31
2024-05-24 23:45:02.454932,25.85,36.94,5.05,19.40
2024-05-24 23:45:02.459938,22.11,42.29,5.01,15.59
2024-05-24 23:45:02.464945,22.52,51.29,4.98,15.27
2024-05-24 23:45:02.469952,29.53,52.03,4.97,16.75
2024-05-24 23:45:02.474959,26.37,42.52,4.96,17.41
2024-05-24 23:45:02.479966,23.46,63.21,5.05,17.24
2024-05-24 23:45:02.484973,24.56,40.69,4.96,16.17
2024-05-24 23:45:02.489980,29.75,67.74,4.99,19.73
2024-05-24 23:45:02.494986,26.94,40.24,5.01,15.99
2024-05-24 23:45:02.499993,23.05,53.67,4.99,16.98
2024-05-24 23:45:02.505000,22.75,38.72,5.02,18.02
2024-05-24 23:45:02.510007,21.58,64.95,5.04,18.60
2024-05-24 23:45:02.515014,25.22,56.63,5.01,17.70
2024-05-24 23:45:02.520021,29.85,58.50,5.03,18.53
2024-05-24 23:45:02.525028,25.20,61.35,4.97,16.82
2024-05-24 23:45:02.530035,22.59,58.99,5.02,16.86
2024-05-24 23:45:02.535041,21.84,66.24,4.96,17.21
2024-05-24 23:45:02.540048,29.50,42.75,5.01,18.16
2024-05-24 23:45:02.545055,21.23,33.95,5.02,16.71
2024-05-24 23:45:02.550062,28.62,54.81,5.03,19.81
2024-05-24 23:45:02.555069,20.83,67.33,5.05,17.51
2024-05-24 23:45:02.560076,29.32,53.02,4.97,15.57
2024-05-24 23:45:02.565083,24.03,68.23,4.96,17.51
2024-05-24 23:45:02.570090,27.83,45.82,4.99,16.80
2024-05-24 23:45:02.575097,28.67,50.61,5.05,15.05
2024-05-24 23:45:02.580103,22.51,48.58,5.02,16.90
2024-05-24 23:45:02.585110,28.48,65.65,5.02,19.38
2024-05-24 23:45:02.590117,22.67,35.16,4.95,19.98
2024-05-24 23:45:02.595124,21.15,39.77,5.02,18.21
2024-05-24 23:45:02.600131,21.34,43.93,5.01,19.29
2024-05-24 23:45:02.605138,22.25,34.03,4.95,16.04
2024-05-24 23:45:02.610145,28.04,43.52,4.95,18.27
2024-05-24 23:45:02.615152,21.98,31.69,4.96,19.33
2024-05-24 23:45:02.620159,24.62,47.74,5.04,15.85
2024-05-24 23:45:02.625166,22.86,67.92,4.95,16.67
2024-05-24 23:45:02.630172,29.90,53.55,4.96,16.78
2024-05-24 23:45:02.635179,22.52,31.53,5.05,16.03
2024-05-24 23:45:02.640186,23.13,31.64,4.97,18.25
2024-05-24 23:45:02.645193,24.15,53.69,4.96,16.73
2024-05-24 23:45:02.650200,26.02,62.78,5.00,19.97
2024-05-24 23:45:02.655207,27.26,35.15,5.03,18.88
2024-05-24 23:45:02.660218,27.99,66.08,4.98,17.72
2024-05-24 23:45:02.665232,22.04,63.40,4.97,15.22
2024-05-24 23:45:02.670239,23.44,47.70,4.96,15.66
2024-05-24 23:45:02.675246,22.83,63.39,5.03,19.05
2024-05-24 23:45:02.680253,29.20,59.88,4.98,16.26
2024-05-24 23:45:02.685260,21.58,54.47,4.99,16.80
2024-05-24 23:45:02.690267,25.37,47.66,5.02,16.66
2024-05-24 23:45:02.695274,27.70,52.90,5.00,19.79
2024-05-24 23:45:02.700281,25.78,58.48,5.05,15.39
2024-05-24 23:45:02.705288,27.80,68.96,4.99,16.75
2024-05-24 23:45:02.710294,28.85,68.67,5.04,15.53
2024-05-24 23:45:02.715301,29.13,34.66,5.01,19.50
2024-05-24 23:45:02.720308,22.96,48.89,5.04,18.18
2024-05-24 23:45:02.725315,28.71,35.55,4.95,15.06
2024-05-24 23:45:02.730322,27.48,61.40,4.97,16.11
2024-05-24 23:45:02.735329,22.47,44.90,4.96,17.96
2024-05-24 23:45:02.740336,26.79,62.24,5.02,19.25
2024-05-24 23:45:02.745343,20.94,68.41,4.95,15.04
2024-05-24 23:45:02.750350,20.84,31.52,4.96,16.44
2024-05-24 23:45:02.755357,27.26,31.73,4.96,18.76
2024-05-24 23:45:02.760364,20.06,51.44,4.96,17.43
2024-05-24 23:45:02.765370,23.30,36.54,4.98,19.65
2024-05-24 23:45:02.770377,25.26,67.87,5.05,19.81
2024-05-24 23:45:02.775384,20.79,45.57,5.01,17.00
2024-05-24 23:45:02.780391,28.93,33.35,4.95,15.63
2024-05-24 23:45:02.785398,22.08,45.33,5.04,16.27
2024-05-24 23:45:02.790405,28.03,69.85,5.03,18.41
2024-05-24 23:45:02.795412,20.99,42.21,5.00,15.40
2024-05-24 23:45:02.800419,29.67,64.49,5.05,17.17
2024-05-24 23:45:02.805426,24.15,60.16,5.00,15.99
2024-05-24 23:45:02.810432,27.15,33.89,5.05,19.10
2024-05-24 23:45:02.815439,27.07,47.23,4.96,16.33
2024-05-24 23:45:02.820446,22.29,59.30,5.05,17.19
2024-05-24 23:45:02.825453,29.50,47.33,4.98,15.39
2024-05-24 23:45:02.830460,27.93,46.12,4.97,19.65
2024-05-24 23:45:02.835467,22.63,54.64,4.95,19.66
2024-05-24 23:45:02.840474,27.51,52.68,4.96,16.08
2024-05-24 23:45:02.845481,20.07,39.96,4.95,18.97
2024-05-24 23:45:02.850487,23.91,37.02,5.03,18.32
2024-05-24 23:45:02.855494,23.03,44.89,5.04,19.80
2024-05-24 23:45:02.860501,22.68,64.78,4.95,15.11
2024-05-24 23:45:02.865508,29.99,69.68,4.96,18.72
2024-05-24 23:45:02.870519,23.10,62.37,5.04,18.58
2024-05-24 23:45:02.875526,24.97,62.95,4.95,17.30
2024-05-24 23:45:02.880533,28.74,63.60,5.02,19.89
2024-05-24 23:45:02.885540,27.46,42.58,5.00,16.13
2024-05-24 23:45:02.890547,26.50,41.88,5.01,16.00
2024-05-24 23:45:02.895554,25.66,48.12,4.97,16.90
2024-05-24 23:45:02.900561,25.44,55.13,4.99,19.42
2024-05-24 23:45:02.905568,24.08,34.17,4.98,19.79
2024-05-24 23:45:02.910574,20.52,67.26,5.02,16.19
2024-05-24 23:45:02.915581,21.81,47.31,5.01,18.31
2024-05-24 23:45:02.920588,20.80,34.09,5.04,15.03
2024-05-24 23:45:02.925595,23.67,51.39,5.02,18.56
2024-05-24 23:45:02.930602,22.53,43.45,5.05,17.94
2024-05-24 23:45:02.935609,22.66,43.47,5.01,19.26
2024-05-24 23:45:02.940616,20.16,58.98,4.98,15.56
2024-05-24 23:45:02.945623,29.81,39.32,5.04,19.58
2024-05-24 23:45:02.950630,27.74,40.56,4.97,19.62
2024-05-24 23:45:02.955637,20.72,63.44,4.99,15.12
2024-05-24 23:45:02.960644,21.92,68.40,5.01,19.05
2024-05-24 23:45:02.965651,21.13,64.04,5.03,19.56
2024-05-24 23:45:02.970658,21.29,67.38,5.00,16.63
2024-05-24 23:45:02.975664,23.98,54.59,5.03,19.32
2024-05-24 23:45:02.980671,27.62,64.66,5.04,19.70
2024-05-24 23:45:02.985678,21.32,41.72,4.99,19.38
2024-05-24 23:45:02.990685,20.71,42.28,4.98,19.77
2024-05-24 23:45:02.995692,22.83,33.45,5.01,18.73
2024-05-24 23:45:03.000699,29.86,38.81,5.00,18.25
2024-05-24 23:45:03.005706,29.55,34.51,4.97,15.95
2024-05-24 23:45:03.010713,25.19,37.06,5.03,15.44
2024-05-24 23:45:03.015720,27.91,57.37,4.95,17.66
2024-05-24 23:45:03.020727,28.07,60.95,4.97,17.28
2024-05-24 23:45:03.025734,27.50,45.94,4.98,17.64
2024-05-24 23:45:03.030744,24.02,35.45,5.04,17.85
2024-05-24 23:45:03.035751,20.38,49.78,4.95,19.04
2024-05-24 23:45:03.040758,23.62,60.34,5.04,16.57
2024-05-24 23:45:03.045765,24.58,55.26,5.00,15.14
2024-05-24 23:45:03.050772,23.92,46.14,5.01,19.23
2024-05-24 23:45:03.055778,27.19,48.76,4.99,16.02
2024-05-24 23:45:03.060785,28.26,47.84,5.04,19.20
2024-05-24 23:45:03.065792,23.06,56.78,5.01,18.85
2024-05-24 23:45:03.070799,20.22,44.49,5.03,16.89
2024-05-24 23:45:03.075806,25.53,47.33,4.98,19.56
2024-05-24 23:45:03.080834,22.73,56.18,5.03,19.71
2024-05-24 23:45:03.085842,26.52,41.23,5.03,18.29
2024-05-24 23:45:03.090849,20.85,36.13,5.03,19.57
2024-05-24 23:45:03.095856,27.26,62.45,4.97,17.34
2024-05-24 23:45:03.100863,21.42,59.31,5.01,18.10
2024-05-24 23:45:03.105874,23.84,39.55,4.99,15.11
2024-05-24 23:45:03.110881,24.93,37.60,5.00,16.62
2024-05-24 23:45:03.115888,29.35,67.92,5.03,16.81
2024-05-24 23:45:03.120895,21.15,40.01,4.98,16.43
2024-05-24 23:45:03.125902,23.99,49.90,4.97,18.19
2024-05-24 23:45:03.130909,20.85,51.45,4.96,15.18
2024-05-24 23:45:03.135916,24.23,61.99,4.98,18.38
2024-05-24 23:45:03.140923,24.71,52.50,4.95,18.52
2024-05-24 23:45:03.145930,28.77,36.14,5.01,16.02
2024-05-24 23:45:03.150937,28.56,65.65,5.01,16.34
2024-05-24 23:45:03.155944,27.03,35.59,4.96,15.62
2024-05-24 23:45:03.160951,24.20,49.72,5.01,15.16
2024-05-24 23:45:03.165957,20.74,64.39,5.02,19.86
2024-05-24 23:45:03.170964,22.27,33.32,4.96,15.98
2024-05-24 23:45:03.175971,29.35,64.93,4.95,18.64
2024-05-24 23:45:03.180978,21.22,58.21,5.05,19.69
2024-05-24 23:45:03.185985,24.59,34.19,4.97,17.27
2024-05-24 23:45:03.190992,21.39,37.41,4.95,17.66
2024-05-24 23:45:03.195999,25.15,46.36,5.02,15.79
2024-05-24 23:45:03.201006,23.02,51.52,5.01,16.29
2024-05-24 23:45:03.206013,20.47,40.55,5.04,17.70
2024-05-24 23:45:03.211020,28.65,69.18,4.99,17.15
2024-05-24 23:45:03.216027,29.99,38.13,4.99,19.65
2024-05-24 23:45:03.221034,25.15,68.97,4.95,16.01
2024-05-24 23:45:03.226041,29.58,50.43,4.99,15.95
2024-05-24 23:45:03.231047,20.87,62.51,4.96,19.93
2024-05-24 23:45:03.236054,29.86,55.80,5.01,17.74
2024-05-24 23:45:03.241061,27.28,43.26,5.04,19.73
2024-05-24 23:45:03.246068,24.09,64.30,4.96,15.84
2024-05-24 23:45:03.251075,21.48,48.72,4.98,18.92
2024-05-24 23:45:03.256082,27.66,67.57,5.03,16.31
2024-05-24 23:45:03.261089,26.21,47.62,4.95,15.79
2024-05-24 23:45:03.266096,21.25,34.78,5.01,16.21
2024-05-24 23:45:03.271103,22.44,30.10,4.98,18.38
2024-05-24 23:45:03.276110,23.82,43.38,4.96,18.86
2024-05-24 23:45:03.281117,28.79,66.99,5.01,16.62
2024-05-24 23:45:03.286123,25.17,30.50,4.99,16.23
2024-05-24 23:45:03.291130,26.33,32.89,5.01,18.69
2024-05-24 23:45:03.296137,22.67,42.93,5.05,16.78
2024-05-24 23:45:03.301144,22.29,37.07,5.05,16.82
2024-05-24 23:45:03.306151,20.53,53.99,5.02,16.34
2024-05-24 23:45:03.311158,29.94,65.84,4.98,17.73
2024-05-24 23:45:03.316165,20.54,60.00,4.96,15.01
2024-05-24 23:45:03.321172,25.07,44.18,4.98,17.56
2024-05-24 23:45:03.326179,28.54,66.14,5.03,19.51
2024-05-24 23:45:03.331185,25.87,63.90,5.03,16.91
2024-05-24 23:45:03.336192,29.24,44.21,5.02,17.99
2024-05-24 23:45:03.341199,27.10,66.95,5.01,18.72
2024-05-24 23:45:03.346206,20.48,58.04,5.05,19.02
2024-05-24 23:45:03.351213,24.22,44.18,4.97,17.80
2024-05-24 23:45:03.356220,23.06,60.95,4.95,17.38
2024-05-24 23:45:03.361227,23.03,32.78,5.01,16.47
2024-05-24 23:45:03.366233,22.18,48.53,4.97,17.36
2024-05-24 23:45:03.371240,25.39,65.20,4.96,16.51
2024-05-24 23:45:03.376247,25.65,44.75,5.05,15.55
2024-05-24 23:45:03.381254,24.26,42.15,5.04,15.38
2024-05-24 23:45:03.386261,24.86,58.64,5.01,19.95
2024-05-24 23:45:03.391268,27.72,56.34,5.05,15.43
2024-05-24 23:45:03.396275,24.57,51.14,5.04,19.77
2024-05-24 23:45:03.401282,29.25,41.78,5.03,18.90
2024-05-24 23:45:03.406289,26.83,48.18,5.04,16.73
2024-05-24 23:45:03.411296,24.66,48.67,4.95,17.89
2024-05-24 23:45:03.416303,21.31,42.50,5.01,15.24
2024-05-24 23:45:03.421310,27.98,54.26,4.96,18.64
2024-05-24 23:45:03.426317,26.90,34.61,5.04,16.96
2024-05-24 23:45:03.431324,21.86,56.25,5.01,16.61
2024-05-24 23:45:03.436330,28.32,36.65,5.03,15.92
2024-05-24 23:45:03.441337,27.18,32.69,4.98,16.76
2024-05-24 23:45:03.446344,23.63,46.74,5.02,16.60
2024-05-24 23:45:03.451351,20.43,47.85,5.03,19.94
2024-05-24 23:45:03.456357,27.97,44.07,4.95,18.90
2024-05-24 23:45:03.461364,28.33,40.22,4.95,16.20
2024-05-24 23:45:03.466371,25.36,57.69,4.96,17.88
2024-05-24 23:45:03.471378,27.61,68.80,4.95,19.62
2024-05-24 23:45:03.476385,23.18,45.56,5.00,18.04
2024-05-24 23:45:03.481392,25.06,56.36,4.99,18.93
2024-05-24 23:45:03.486399,26.42,40.86,4.95,18.40
2024-05-24 23:45:03.491406,23.46,51.32,4.96,17.16
2024-05-24 23:45:03.496412,28.46,64.74,5.00,18.24
2024-05-24 23:45:03.501419,21.45,37.23,5.03,17.13
2024-05-24 23:45:03.506426,25.64,64.30,5.04,16.25
2024-05-24 23:45:03.511433,29.27,32.06,4.99,17.22
2024-05-24 23:45:03.516440,21.72,48.04,4.97,15.59
2024-05-24 23:45:03.521447,22.17,51.61,5.04,16.56
2024-05-24 23:45:03.526454,24.30,42.45,4.96,15.04
2024-05-24 23:45:03.531461,23.07,39.67,5.00,15.10
2024-05-24 23:45:03.536467,21.08,38.35,4.95,15.80
2024-05-24 23:45:03.541474,28.24,53.36,5.04,17.51
2024-05-24 23:45:03.546481,27.99,62.10,5.02,16.31
2024-05-24 23:45:03.551488,23.14,40.96,5.02,19.68
2024-05-24 23:45:03.556495,26.65,42.93,5.04,18.20
2024-05-24 23:45:03.561502,28.40,58.29,5.05,19.26
2024-05-24 23:45:03.566509,27.27,51.93,4.98,19.96
2024-05-24 23:45:03.571516,28.86,30.17,5.03,19.21
2024-05-24 23:45:03.576522,20.06,44.43,4.96,18.35
2024-05-24 23:45:03.581529,29.14,53.42,5.04,18.20
2024-05-24 23:45:03.586536,29.69,66.00,4.96,15.39
2024-05-24 23:45:03.591543,25.80,31.86,4.98,15.48
2024-05-24 23:45:03.596550,27.81,64.40,4.96,18.96
2024-05-24 23:45:03.601557,22.49,48.27,4.95,16.31
2024-05-24 23:45:03.606564,25.75,55.36,4.98,16.94
2024-05-24 23:45:03.611571,20.94,38.09,4.96,16.57
2024-05-24 23:45:03.616577,22.30,48.23,5.05,15.82
2024-05-24 23:45:03.621584,27.57,57.05,5.04,15.99
2024-05-24 23:45:03.626591,26.98,65.87,5.00,19.73
2024-05-24 23:45:03.631598,27.97,48.31,5.05,19.97
2024-05-24 23:45:03.636605,24.23,40.25,5.05,15.53
2024-05-24 23:45:03.641612,22.13,68.71,4.99,19.05
2024-05-24 23:45:03.646621,24.37,39.06,4.98,15.86
2024-05-24 23:45:03.651628,29.52,47.22,4.97,15.63
2024-05-24 23:45:03.656635,24.83,44.53,5.01,18.99
2024-05-24 23:45:03.661642,27.96,53.27,5.05,18.03
2024-05-24 23:45:03.666649,25.28,52.47,4.96,15.28
2024-05-24 23:45:03.671656,24.53,62.83,5.04,18.13
2024-05-24 23:45:03.676663,27.14,35.51,4.95,17.89
2024-05-24 23:45:03.681670,21.72,50.61,4.95,19.28
2024-05-24 23:45:03.686677,20.77,53.73,4.97,19.64
2024-05-24 23:45:03.691684,21.77,54.74,5.02,16.93
2024-05-24 23:45:03.696691,22.44,56.03,5.05,17.82
2024-05-24 23:45:03.701698,22.23,47.96,4.99,19.82
2024-05-24 23:45:03.706705,22.46,55.41,5.00,19.73
2024-05-24 23:45:03.711711,26.79,40.80,5.03,20.00
2024-05-24 23:45:03.716719,24.20,69.25,4.96,19.07
2024-05-24 23:45:03.721725,22.55,34.88,5.02,19.14
2024-05-24 23:45:03.726732,29.77,56.39,4.97,16.52
2024-05-24 23:45:03.731739,26.85,45.16,5.05,16.10
2024-05-24 23:45:03.736746,22.29,53.94,5.04,17.75
2024-05-24 23:45:03.741753,23.97,40.74,5.02,15.78
2024-05-24 23:45:03.746760,29.90,66.59,5.00,16.58
2024-05-24 23:45:03.751767,28.19,52.71,4.99,17.89
2024-05-24 23:45:03.756774,25.80,45.45,5.02,15.37
2024-05-24 23:45:03.761780,24.00,56.91,5.04,17.11
2024-05-24 23:45:03.766787,27.45,69.21,4.96,19.47
2024-05-24 23:45:03.771794,22.80,59.35,4.96,15.02
2024-05-24 23:45:03.776801,29.34,49.06,4.96,19.29
2024-05-24 23:45:03.781808,25.66,40.92,5.00,19.74
2024-05-24 23:45:03.786815,20.40,66.46,4.97,19.42
2024-05-24 23:45:03.791822,28.65,54.22,4.96,18.71
2024-05-24 23:45:03.796829,24.61,54.29,5.01,16.67
2024-05-24 23:45:03.801836,22.15,63.26,4.96,18.60
2024-05-24 23:45:03.806843,24.46,36.41,5.02,17.86
2024-05-24 23:45:03.811850,21.41,39.32,4.99,17.14
2024-05-24 23:45:03.816857,27.81,31.96,4.96,15.22
2024-05-24 23:45:03.821864,20.07,54.27,5.01,19.36
2024-05-24 23:45:03.826871,22.76,63.42,5.03,19.50
2024-05-24 23:45:03.831878,25.22,60.61,5.02,17.52
2024-05-24 23:45:03.836885,24.04,39.57,5.03,18.06
2024-05-24 23:45:03.841892,23.92,45.55,4.97,19.75
2024-05-24 23:45:03.846899,28.20,47.77,5.05,17.13
2024-05-24 23:45:03.851906,25.01,51.39,4.98,18.11
2024-05-24 23:45:03.856912,24.62,69.86,5.05,18.99
2024-05-24 23:45:03.861919,25.83,52.57,5.00,19.20
2024-05-24 23:45:03.866926,22.37,34.11,5.03,17.51
2024-05-24 23:45:03.871933,27.03,60.16,5.01,18.54
2024-05-24 23:45:03.876940,21.58,55.77,5.03,15.35
2024-05-24 23:45:03.881947,24.76,41.68,5.02,19.57
2024-05-24 23:45:03.886954,27.29,43.04,5.03,19.32
2024-05-24 23:45:03.891961,29.51,35.94,4.97,15.60
2024-05-24 23:45:03.896968,26.31,53.61,4.99,16.19
2024-05-24 23:45:03.901975,28.87,41.88,5.02,17.42
2024-05-24 23:45:03.906982,25.94,40.43,4.97,17.51
2024-05-24 23:45:03.911989,28.12,61.44,5.00,15.97
2024-05-24 23:45:03.916996,22.12,56.70,5.02,16.48
2024-05-24 23:45:03.922002,28.13,39.99,4.95,19.73
2024-05-24 23:45:03.927009,26.28,36.76,5.01,17.95
2024-05-24 23:45:03.932016,28.89,31.78,5.05,18.64
2024-05-24 23:45:03.937023,22.76,33.92,4.97,18.12
2024-05-24 23:45:03.942030,23.80,35.65,4.96,18.19
2024-05-24 23:45:03.947037,20.49,40.15,5.05,19.47
2024-05-24 23:45:03.952044,29.67,45.13,4.98,17.39
2024-05-24 23:45:03.957051,20.58,43.33,5.00,19.65
2024-05-24 23:45:03.962058,29.70,67.77,4.98,15.13
2024-05-24 23:45:03.967064,22.77,35.90,4.96,16.06
2024-05-24 23:45:03.972071,22.48,36.61,5.02,18.35
2024-05-24 23:45:03.977078,22.56,36.68,4.97,16.25
2024-05-24 23:45:03.982085,29.40,54.30,5.02,19.76
2024-05-24 23:45:03.987092,20.17,39.46,5.04,17.14
2024-05-24 23:45:03.992099,27.81,32.06,4.97,19.17
2024-05-24 23:45:03.997106,24.25,41.29,5.02,15.92
2024-05-24 23:45:04.002113,20.56,49.57,5.00,17.44
2024-05-24 23:45:04.007120,29.56,41.18,4.96,18.26
2024-05-24 23:45:04.012127,23.69,40.52,5.04,15.28
2024-05-24 23:45:04.017134,21.04,32.29,5.00,17.82
2024-05-24 23:45:04.022140,28.04,35.24,4.96,16.48
2024-05-24 23:45:04.027147,21.54,36.51,4.96,15.14
2024-05-24 23:45:04.032154,20.28,60.55,5.02,15.16
2024-05-24 23:45:04.037161,29.20,52.76,4.99,16.80
2024-05-24 23:45:04.042168,20.89,37.87,5.02,18.53
2024-05-24 23:45:04.047175,24.20,61.42,5.02,17.38
2024-05-24 23:45:04.052182,23.15,52.70,5.02,17.72
2024-05-24 23:45:04.057189,26.02,43.18,5.03,20.00
2024-05-24 23:45:04.062196,23.83,33.00,4.95,19.79
2024-05-24 23:45:04.067203,22.76,55.73,4.97,19.65
2024-05-24 23:45:04.072210,27.30,46.78,4.96,18.71
2024-05-24 23:45:04.077217,24.88,66.26,4.98,17.44
2024-05-24 23:45:04.082224,28.82,49.44,4.95,18.76
2024-05-24 23:45:04.087231,28.52,45.35,4.96,17.70
2024-05-24 23:45:04.092238,22.38,54.35,5.04,18.46
2024-05-24 23:45:04.097245,24.41,59.84,4.98,19.37
2024-05-24 23:45:04.102252,23.87,37.94,5.02,18.90
2024-05-24 23:45:04.107258,23.62,56.51,4.97,18.11
2024-05-24 23:45:04.112265,29.96,68.18,4.97,16.27
2024-05-24 23:45:04.117272,27.18,54.63,5.03,15.78
2024-05-24 23:45:04.122279,23.53,33.83,4.96,19.59
2024-05-24 23:45:04.127286,26.73,36.40,5.02,17.35
2024-05-24 23:45:04.132293,21.72,47.35,5.02,18.39
2024-05-24 23:45:04.137300,26.30,56.81,4.97,18.61
2024-05-24 23:45:04.142307,25.45,41.44,5.02,17.10
2024-05-24 23:45:04.147314,23.67,60.75,4.95,16.64
2024-05-24 23:45:04.152321,28.42,61.32,5.04,18.85
2024-05-24 23:45:04.157328,28.84,55.57,4.98,16.41
2024-05-24 23:45:04.162335,24.35,68.20,5.04,18.22
2024-05-24 23:45:04.167342,26.61,54.75,5.01,17.56
2024-05-24 23:45:04.172348,22.00,48.46,5.03,18.49
2024-05-24 23:45:04.177355,29.61,47.94,5.04,15.91
2024-05-24 23:45:04.182362,21.77,56.05,4.96,15.41
2024-05-24 23:45:04.187369,22.50,61.36,4.99,16.40
2024-05-24 23:45:04.192376,21.83,51.56,5.03,15.66
2024-05-24 23:45:04.197383,20.26,66.12,4.95,15.51
2024-05-24 23:45:04.202390,21.23,54.46,5.03,18.70
2024-05-24 23:45:04.207397,28.68,35.50,5.02,19.32
2024-05-24 23:45:04.212404,27.67,66.93,4.97,18.06
2024-05-24 23:45:04.217411,22.16,36.38,4.95,18.30
2024-05-24 23:45:04.222418,23.44,37.05,4.96,17.47
2024-05-24 23:45:04.227425,29.07,57.37,4.96,19.34
2024-05-24 23:45:04.232432,27.93,52.35,4.99,17.88
2024-05-24 23:45:04.237438,26.31,48.73,5.01,19.46
2024-05-24 23:45:04.242446,26.40,52.29,5.05,17.86
2024-05-24 23:45:04.247452,21.89,50.83,4.97,19.28
2024-05-24 23:45:04.252459,23.57,34.83,4.95,17.16
2024-05-24 23:45:04.257466,21.78,61.58,5.04,17.01
2024-05-24 23:45:04.262473,24.26,41.49,5.03,19.19
2024-05-24 23:45:04.267480,26.83,69.49,5.01,17.37
2024-05-24 23:45:04.272487,23.25,63.73,5.01,15.48
2024-05-24 23:45:04.277494,23.89,64.80,5.05,15.81
2024-05-24 23:45:04.282501,29.37,36.29,5.02,15.88
2024-05-24 23:45:04.287508,20.26,41.39,5.05,16.19
2024-05-24 23:45:04.292515,21.87,55.66,5.00,18.25
2024-05-24 23:45:04.297522,26.03,62.33,4.98,16.61
2024-05-24 23:45:04.302529,29.78,49.57,4.95,19.50
2024-05-24 23:45:04.307536,29.30,47.71,4.95,19.23
2024-05-24 23:45:04.312542,27.44,37.69,4.99,16.61
2024-05-24 23:45:04.317549,28.49,60.06,4.98,18.33
2024-05-24 23:45:04.322556,29.08,40.41,5.05,16.86
2024-05-24 23:45:04.327563,25.01,54.43,4.99,19.19
2024-05-24 23:45:04.332570,29.00,38.33,4.99,16.68
2024-05-24 23:45:04.337577,23.88,46.47,4.95,19.80
2024-05-24 23:45:04.342584,30.00,47.63,5.05,15.00
2024-05-24 23:45:04.347591,21.10,38.30,4.96,18.83
2024-05-24 23:45:04.352598,29.50,30.54,4.98,19.42
2024-05-24 23:45:04.357605,20.64,41.08,4.96,19.40
2024-05-24 23:45:04.362612,24.33,43.83,5.00,16.00
2024-05-24 23:45:04.367619,28.21,56.82,5.02,17.99
2024-05-24 23:45:04.372627,22.25,41.15,5.03,17.37
2024-05-24 23:45:04.377634,26.27,57.89,5.04,19.88
2024-05-24 23:45:04.382640,28.99,34.08,4.98,17.53
2024-05-24 23:45:04.387647,23.72,33.67,5.03,15.75
2024-05-24 23:45:04.392654,24.56,58.88,5.01,19.91
2024-05-24 23:45:04.397661,20.28,68.66,5.03,17.38
2024-05-24 23:45:04.402668,22.35,30.07,4.96,17.91
2024-05-24 23:45:04.407675,25.30,56.47,5.02,19.75
2024-05-24 23:45:04.412682,29.20,47.23,5.05,19.33
2024-05-24 23:45:04.417689,28.05,54.32,4.95,16.19
2024-05-24 23:45:04.422695,28.83,37.95,5.04,17.44
2024-05-24 23:45:04.427702,26.70,41.68,5.00,19.21
2024-05-24 23:45:04.432709,23.49,64.41,5.04,16.61
2024-05-24 23:45:04.437716,22.59,62.43,5.01,19.16
2024-05-24 23:45:04.442723,27.47,53.23,4.97,17.01
2024-05-24 23:45:04.447730,26.90,60.48,5.00,15.96
2024-05-24 23:45:04.452737,20.57,31.46,4.98,17.07
2024-05-24 23:45:04.457744,29.48,61.57,5.02,17.17
2024-05-24 23:45:04.462751,25.66,68.75,4.98,16.69
2024-05-24 23:45:04.467758,29.02,63.82,4.95,15.31
2024-05-24 23:45:04.472765,29.33,53.46,5.04,19.90
2024-05-24 23:45:04.477772,21.21,58.50,5.05,19.51
2024-05-24 23:45:04.482779,26.27,42.42,5.05,15.03
2024-05-24 23:45:04.487785,27.81,61.39,4.96,18.46
2024-05-24 23:45:04.492792,29.41,48.70,4.95,16.55
2024-05-24 23:45:04.497799,28.10,61.08,4.96,19.66
2024-05-24 23:45:04.502806,27.92,60.68,5.00,17.03
2024-05-24 23:45:04.507814,24.55,39.65,5.03,18.00
2024-05-24 23:45:04.512821,28.59,38.82,4.95,16.75
2024-05-24 23:45:04.517827,22.56,63.88,4.95,16.73
2024-05-24 23:45:04.522834,26.03,61.01,4.98,15.31
2024-05-24 23:45:04.527841,26.39,32.75,4.99,16.89
2024-05-24 23:45:04.532848,23.18,53.94,5.03,19.59
2024-05-24 23:45:04.537855,22.62,63.36,5.03,16.67
2024-05-24 23:45:04.542862,22.49,48.01,4.96,17.75
2024-05-24 23:45:04.547869,28.90,50.00,5.05,16.85
2024-05-24 23:45:04.552876,20.64,47.30,4.99,18.78
2024-05-24 23:45:04.557883,23.13,40.72,5.00,15.01
2024-05-24 23:45:04.562890,22.69,56.75,4.95,15.39
2024-05-24 23:45:04.567897,28.24,53.24,5.01,19.21
2024-05-24 23:45:04.572904,21.78,48.43,5.03,15.98
2024-05-24 23:45:04.577910,23.78,35.60,4.99,18.05
2024-05-24 23:45:04.582917,29.33,50.12,5.02,15.34
2024-05-24 23:45:04.587924,29.01,60.16,4.99,17.04
2024-05-24 23:45:04.592931,25.50,37.73,5.04,15.32
2024-05-24 23:45:04.597938,28.65,34.62,4.95,16.74
2024-05-24 23:45:04.602945,22.30,69.47,4.98,15.56
2024-05-24 23:45:04.607952,29.68,59.41,4.98,16.96
2024-05-24 23:45:04.612959,21.49,40.52,5.00,15.29
2024-05-24 23:45:04.617966,28.87,46.79,4.96,16.27
2024-05-24 23:45:04.622973,26.41,33.82,5.05,15.67
2024-05-24 23:45:04.627979,22.77,40.60,4.96,17.99
2024-05-24 23:45:04.632986,24.71,47.17,4.98,16.62
2024-05-24 23:45:04.637993,24.23,56.54,5.02,15.45
2024-05-24 23:45:04.643000,29.59,50.72,4.97,16.13
2024-05-24 23:45:04.648007,20.54,61.75,4.95,16.34
2024-05-24 23:45:04.653014,22.27,35.50,4.95,19.15
2024-05-24 23:45:04.658021,21.42,34.89,5.03,15.68
2024-05-24 23:45:04.663028,20.34,33.24,4.98,18.73
2024-05-24 23:45:04.668035,29.51,56.88,4.99,16.12
2024-05-24 23:45:04.673042,22.69,59.91,5.01,17.49
2024-05-24 23:45:04.678048,25.76,58.27,4.98,15.99
2024-05-24 23:45:04.683055,20.25,32.97,4.96,16.71
2024-05-24 23:45:04.688062,28.12,39.75,4.98,18.89
2024-05-24 23:45:04.693069,27.48,33.67,4.96,17.83
2024-05-24 23:45:04.698076,25.27,69.44,4.96,17.21
2024-05-24 23:45:04.703083,22.61,43.89,4.97,19.83
2024-05-24 23:45:04.708091,24.84,67.97,4.99,15.60
2024-05-24 23:45:04.713098,25.15,40.42,4.95,15.22
2024-05-24 23:45:04.718105,29.20,48.62,5.05,18.63
2024-05-24 23:45:04.723112,23.03,40.79,5.05,17.28
2024-05-24 23:45:04.728119,29.74,57.42,4.97,19.83
2024-05-24 23:45:04.733126,23.33,58.37,5.04,15.65
2024-05-24 23:45:04.738133,21.90,46.29,4.97,16.46
2024-05-24 23:45:04.743140,25.06,55.72,5.02,17.73
2024-05-24 23:45:04.748147,21.75,48.20,4.99,15.27
2024-05-24 23:45:04.753154,26.29,63.88,4.99,16.58
2024-05-24 23:45:04.758160,22.12,63.59,5.02,15.83
2024-05-24 23:45:04.763167,27.71,60.02,5.02,19.87
2024-05-24 23:45:04.768174,26.62,47.94,5.03,18.88
2024-05-24 23:45:04.773181,23.68,48.19,5.05,17.81
2024-05-24 23:45:04.778188,23.63,44.05,4.96,16.40
2024-05-24 23:45:04.783195,29.86,37.98,5.04,18.91
2024-05-24 23:45:04.788202,22.62,62.46,4.96,16.40
2024-05-24 23:45:04.793209,24.68,43.49,5.04,19.23
2024-05-24 23:45:04.798216,22.12,57.67,5.04,18.36
2024-05-24 23:45:04.803222,25.39,65.94,5.01,16.28
2024-05-24 23:45:04.808229,22.76,53.51,5.01,15.08
2024-05-24 23:45:04.813236,21.56,30.27,5.00,18.08
2024-05-24 23:45:04.818243,24.73,50.84,4.97,19.74
2024-05-24 23:45:04.823250,26.83,68.79,4.97,16.79
2024-05-24 23:45:04.828257,20.75,66.00,4.97,18.72
2024-05-24 23:45:04.833264,29.58,38.68,4.96,16.74
2024-05-24 23:45:04.838272,29.54,46.89,4.97,18.12
2024-05-24 23:45:04.843279,20.98,67.55,5.04,15.68
2024-05-24 23:45:04.848286,25.16,35.88,4.95,19.27
2024-05-24 23:45:04.853292,29.74,33.19,4.98,16.94
2024-05-24 23:45:04.858299,27.96,30.10,5.01,19.81
2024-05-24 23:45:04.863306,26.39,47.49,4.99,15.46
2024-05-24 23:45:04.868313,24.06,54.52,5.03,15.65
2024-05-24 23:45:04.873320,21.25,55.22,5.04,15.65
2024-05-24 23:45:04.878327,23.84,61.51,4.99,16.90
2024-05-24 23:45:04.883333,24.95,58.46,4.95,17.65
2024-05-24 23:45:04.888340,23.54,62.03,5.04,17.25
2024-05-24 23:45:04.893347,28.80,65.10,4.96,19.09
2024-05-24 23:45:04.898354,24.67,61.35,4.99,17.88
2024-05-24 23:45:04.903361,22.80,39.49,4.95,17.26
2024-05-24 23:45:04.908368,29.54,37.67,4.96,18.99
2024-05-24 23:45:04.913374,20.09,53.23,5.02,18.32
2024-05-24 23:45:04.918381,21.12,47.85,5.02,19.03
2024-05-24 23:45:04.923388,24.88,36.90,5.01,15.86
2024-05-24 23:45:04.928395,22.58,36.68,4.95,17.71
